date,CUUR0000SEHA,WPU081,POPTHM,UMCSENT,GDPC1,HOUST,UNRATE,MORTGAGE30US,CSUSHPISA,MEHOINUSA672N,FEDFUNDS,CPIAUCSL,PERMIT,EMRATIO,PSAVERT,TOTALSL,RRVRUSQ156N,HPI_East_North_Central_Division,HPI_East_South_Central_Division,HPI_Middle_Atlantic_Division,HPI_Mountain_Division,HPI_New_England_Division,HPI_Pacific_Division,HPI_South_Atlantic_Division,HPI_United_States,HPI_West_North_Central_Division,HPI_West_South_Central_Division,covid_dummy,lag_CSUSHPISA,rolling_avg_price
2003-01-01,203.3,168.1,289412,82.4,14614.141,1853,5.8,5.9159999999999995,128.461,68350.0,1.24,182.6,1808,62.5,5.3,1982561.31,9.4,196.385,176.84,209.8775,210.33499999999998,242.5775,216.85000000000002,194.0325,196.79000000000002,196.2925,165.14249999999998,0,,
2003-02-01,203.7,170.5,289606,79.9,14658.721066666667,1629,5.9,5.8425,129.356,68341.50684931508,1.26,183.6,1854,62.5,5.2,1993405.69,9.46888888888889,198.68,178.5975,214.08249999999998,213.28250000000003,247.925,222.35250000000002,197.4975,199.9625,198.6825,166.77,0,128.461,
2003-03-01,204.1,169.0,289809,77.6,14698.986933333332,1726,5.9,5.745,130.148,68333.83561643836,1.25,183.9,1757,62.4,4.9,2001208.15,9.53111111111111,200.72,179.8875,218.8875,216.445,253.825,229.01,200.8825,203.2225,201.625,167.8625,0,129.356,129.3216666666667
2003-04-01,204.5,169.3,290024,86.0,14743.567,1643,6.0,5.8125,130.884,68325.34246575342,1.26,183.2,1803,62.4,5.0,2014099.78,9.6,202.885,181.1325,224.83999999999997,219.8725,261.64,238.3,204.9475,206.9925,203.68,168.75,0,130.148,130.12933333333334
2003-05-01,204.9,169.4,290250,92.1,14824.40710989011,1751,6.1,5.484,131.735,68317.12328767123,1.26,182.9,1835,62.3,5.3,2027502.51,9.698901098901098,175.82,160.54,163.22,197.1,187.23,177.15,170.42,172.84,184.08,159.6,0,130.884,130.92233333333334
2003-06-01,205.1,171.0,290484,89.7,14907.941890109889,1867,6.3,5.23,132.649,68308.6301369863,1.22,183.1,1875,62.3,5.1,2033268.41,9.801098901098902,176.58,162.05,165.44,198.54,190.56,178.63,172.05,174.26,185.51,160.02,0,131.735,131.756
2003-07-01,205.6,175.3,290726,90.9,14988.782,1897,6.2,5.6325,133.77700000000002,68300.4109589041,1.01,183.7,1885,62.1,5.9,2040064.39,9.9,177.52,162.37,167.06,200.19,191.55,181.28,173.54,175.59,186.79,160.56,0,132.649,132.72033333333334
2003-08-01,206.1,176.0,290974,89.3,15047.40502173913,1833,6.1,6.264,134.968,68291.91780821918,1.03,184.5,1966,62.1,5.7,2049124.34,10.001086956521739,178.13,163.12,169.23,200.97,193.11,184.03,174.12,176.75,187.5,161.29,0,133.77700000000002,133.798
2003-09-01,206.6,183.3,291222,87.7,15106.02804347826,1939,6.1,6.1475,136.29399999999998,68283.42465753424,1.01,185.1,1961,62.0,4.9,2057090.79,10.102173913043478,178.19,163.57,170.61,202.56,196.42,186.27,175.43,177.81,188.01,161.58,0,134.968,135.013
2003-10-01,206.9,179.4,291463,89.6,15162.76,1967,6.0,5.952,137.532,68275.20547945205,1.01,184.9,2012,62.1,5.0,2065495.1,10.2,178.64,163.74,170.66,203.15,196.92,188.68,176.21,178.36,187.88,161.06,0,136.29399999999998,136.26466666666667
2003-11-01,207.5,180.2,291677,93.7,15191.711304347826,2083,5.8,5.9325,138.79399999999998,68266.71232876713,1.0,185.0,1918,62.3,5.0,2066400.09,10.267391304347825,178.54,163.06,171.89,203.64,198.06,190.96,177.43,179.14,188.93,161.18,0,137.532,137.54
2003-12-01,207.9,180.8,291868,92.6,15219.728695652175,2057,5.7,5.8759999999999994,140.18,68258.49315068492,0.98,185.5,1987,62.2,5.0,2077360.69,10.332608695652175,178.63,163.87,173.28,205.19,199.09,193.38,178.11,179.98,188.03,161.82,0,138.79399999999998,138.83533333333332
2004-01-01,208.3,183.7,292046,103.8,15248.68,1911,5.7,5.7125,141.64600000000002,68250.0,1.0,186.3,1952,62.3,4.6,2088243.04,10.4,204.7,183.605,231.73,225.995,268.34499999999997,250.6175,211.5625,212.18,207.2425,170.05,0,140.18,140.20666666666668
2004-02-01,208.8,190.7,292230,94.4,15288.935714285715,1846,5.6,5.635,143.191,68339.78142076502,1.01,186.7,1966,62.3,4.6,2095340.36,10.331868131868132,207.9275,185.9475,238.675,232.5825,276.5525,263.305,217.24,217.58749999999998,210.43,172.5975,0,141.64600000000002,141.67233333333334
2004-03-01,209.2,199.7,292434,95.8,15326.594285714285,1998,5.8,5.445,145.058,68423.77049180328,1.0,187.1,2066,62.2,4.5,2109720.32,10.268131868131867,210.79,187.9525,246.935,240.10500000000002,286.93,279.805,224.4325,223.66,213.8275,174.23,0,143.191,143.29833333333332
2004-04-01,209.7,206.6,292651,94.2,15366.85,2003,5.6,5.83,146.593,68513.5519125683,1.0,187.4,2070,62.3,4.9,2112716.15,10.2,212.2575,189.9275,252.4425,245.8275,291.515,288.73,230.2075,227.6325,215.5175,175.64,0,145.058,144.94733333333332
2004-05-01,210.2,214.2,292872,90.2,15414.905714285715,1981,5.6,6.27,148.186,68600.43715846994,1.0,188.2,2150,62.3,4.8,2120839.15,10.167032967032966,183.98,167.92,182.44,216.42,208.97,212.34,188.49,188.9,195.16,165.99,0,146.593,146.61233333333334
2004-06-01,210.7,209.6,293103,95.6,15464.563285714286,1828,5.6,6.2875,149.852,68690.21857923498,1.03,188.9,2020,62.4,5.4,2127989.41,10.132967032967032,185.22,170.18,185.88,220.88,213.3,217.64,190.81,191.49,196.34,167.12,0,148.186,148.21033333333332
2004-07-01,211.2,208.6,293350,96.7,15512.619,2002,5.5,6.056,151.338,68777.10382513661,1.26,189.1,2112,62.5,4.7,2137092.98,10.1,185.92,170.9,187.31,223.0,215.61,221.85,193.05,193.04,197.45,166.8,0,149.852,149.792
2004-08-01,211.9,219.0,293603,95.9,15565.946076086957,2024,5.4,5.8675,152.635,68866.88524590163,1.43,189.2,2056,62.4,4.7,2143435.12,10.066304347826087,186.44,171.33,188.49,224.55,216.21,224.54,195.25,194.34,197.95,167.76,0,151.338,151.275
2004-09-01,212.4,218.5,293857,94.2,15619.273152173913,1905,5.4,5.754,154.179,68956.66666666667,1.61,189.8,2041,62.3,4.1,2160148.3,10.032608695652174,185.96,171.12,189.33,227.87,218.58,227.66,197.07,195.39,198.09,168.0,0,152.635,152.7173333333333
2004-10-01,212.8,204.9,294104,91.7,15670.88,2072,5.5,5.7225,155.752,69043.5519125683,1.76,190.8,2097,62.3,3.9,2176719.34,10.0,186.35,171.54,191.69,228.27,218.81,229.07,198.54,196.26,198.26,168.0,0,154.179,154.18866666666668
2004-11-01,213.2,193.6,294337,92.8,15729.458880434782,1782,5.4,5.73,157.529,69133.33333333333,1.93,191.7,2079,62.5,3.4,2183746.35,10.033695652173913,186.14,171.41,192.99,230.36,217.7,232.97,199.88,197.33,199.23,168.72,0,155.752,155.82000000000002
2004-12-01,213.9,194.5,294561,97.1,15786.148119565218,2042,5.4,5.752,159.33100000000002,69220.21857923498,2.16,191.7,2082,62.4,6.2,2192246.17,10.066304347826087,185.77,173.26,193.97,231.63,218.93,236.35,201.69,198.29,198.06,168.72,0,157.529,157.53733333333335
2005-01-01,214.5,197.6,294768,95.5,15844.727,2144,5.3,5.71,161.289,69310.0,2.28,191.6,2139,62.4,2.7,2196777.63,10.1,214.3775,193.4075,261.16999999999996,257.3475,299.96250000000003,306.565,241.0575,234.935,219.005,177.79500000000002,0,159.33100000000002,159.383
2005-02-01,215.0,205.5,294955,94.1,15871.612611111112,2207,5.4,5.6275,163.346,69375.39726027397,2.5,192.4,2114,62.4,2.3,2211558.71,9.996666666666666,217.1975,196.85999999999999,268.49,269.605,308.1525,322.0875,250.0625,241.65,222.605,180.7975,0,161.289,161.322
2005-03-01,215.5,206.4,295149,92.6,15895.896388888888,1864,5.2,5.928,165.81400000000002,69434.46575342465,2.63,193.1,2062,62.4,2.5,2220199.19,9.903333333333334,219.70499999999998,200.0275,276.9225,280.015,314.27750000000003,336.25,259.0975,247.9475,225.585,183.5075,0,163.346,163.48299999999998
2005-04-01,216.0,204.8,295359,87.7,15922.782,2061,5.2,5.855,167.503,69499.86301369863,2.79,193.7,2150,62.7,2.1,2232535.38,9.8,220.4025,202.9225,281.705,288.33500000000004,316.41499999999996,346.23249999999996,265.36,252.03,227.0275,185.92000000000002,0,165.81400000000002,165.55433333333335
2005-05-01,216.4,196.9,295582,86.9,15963.926505494504,2025,5.1,5.72,169.352,69563.1506849315,3.0,193.6,2085,62.8,2.6,2232671.52,9.832967032967034,191.44,178.4,201.42,252.35,230.83,258.14,215.96,208.92,205.28,174.5,0,167.503,167.55633333333333
2005-06-01,216.8,202.3,295824,96.0,16006.442494505494,2068,5.0,5.582,171.192,69628.54794520549,3.04,193.7,2178,62.7,2.0,2247833.43,9.867032967032968,192.21,179.97,205.49,256.56,231.18,262.23,219.96,211.43,206.59,175.91,0,169.352,169.34900000000002
2005-07-01,217.5,198.0,296077,96.5,16047.587,2054,5.0,5.695,172.861,69691.83561643836,3.26,194.9,2203,62.8,1.4,2257230.94,9.9,192.7,181.38,209.32,259.59,233.39,266.89,222.23,213.5,207.7,176.84,0,171.192,171.135
2005-08-01,218.0,194.0,296338,89.1,16077.625663043478,2095,4.9,5.82,174.44299999999998,69757.23287671233,3.5,196.1,2219,62.9,2.0,2267044.88,9.798913043478262,192.83,182.13,210.38,263.94,233.46,270.16,225.21,214.93,207.85,177.13,0,172.861,172.832
2005-09-01,218.6,197.7,296606,76.9,16107.664326086957,2151,5.0,5.774,176.43900000000002,69822.6301369863,3.62,198.8,2263,62.8,2.0,2271633.28,9.697826086956521,193.47,182.45,211.48,266.8,234.9,274.38,226.66,216.28,207.96,177.93,0,174.44299999999998,174.581
2005-10-01,219.3,195.8,296857,74.2,16136.734,2065,5.0,6.065,178.028,69885.91780821918,3.78,199.1,2170,62.8,2.3,2276843.14,9.6,193.16,183.55,211.61,269.21,233.77,273.85,227.88,216.82,208.12,179.47,0,176.43900000000002,176.3033333333333
2005-11-01,220.0,191.5,297089,81.6,16209.887597826088,2147,5.0,6.33,179.68200000000002,69951.31506849315,4.0,198.1,2218,62.7,2.6,2283661.27,9.566304347826087,192.19,185.17,212.62,270.73,233.24,274.18,230.05,217.38,207.96,179.6,0,178.028,178.04966666666667
2005-12-01,220.5,193.2,297311,91.5,16280.681402173912,1994,4.9,6.272,180.911,70014.60273972603,4.16,198.1,2120,62.8,2.5,2290928.13,9.533695652173913,191.04,186.22,212.23,272.07,229.8,276.7,231.1,217.73,207.86,180.59,0,179.68200000000002,179.54033333333334
2006-01-01,220.9,199.4,297526,91.2,16353.835,2273,4.7,6.145,182.321,70080.0,4.29,199.3,2212,62.9,3.0,2367471.08,9.5,220.215,207.815,288.7475,299.9825,317.65000000000003,357.905,274.84,257.625,229.06,189.965,0,180.911,180.97133333333332
2006-02-01,221.6,200.9,297734,86.7,16368.410511111111,2119,4.8,6.2525,183.288,70175.97260273973,4.49,199.4,2141,63.0,3.2,2374977.32,9.534444444444444,221.54,211.0075,291.21,306.45,318.62,363.5675,278.865,260.825,230.99,193.1125,0,182.321,182.17333333333332
2006-03-01,222.3,200.2,297950,88.9,16381.57548888889,1969,4.7,6.324,184.365,70262.65753424658,4.59,199.7,2118,63.1,3.3,2385807.89,9.565555555555555,221.6775,213.0975,293.3625,309.795,317.9375,364.7375,281.26,262.4775,232.33249999999998,195.4675,0,183.288,183.32466666666667
2006-04-01,222.9,198.8,298170,87.4,16396.151,1821,4.7,6.5075,184.329,70358.6301369863,4.79,200.7,1998,63.0,3.1,2397680.6,9.6,221.3125,215.1975,294.5425,312.1275,317.15,362.9,283.0725,263.1825,232.3075,196.97,0,184.365,183.994
2006-05-01,223.6,200.6,298401,79.1,16404.256604395607,1942,4.6,6.5975,184.155,70451.50684931508,4.94,201.3,1905,63.1,2.9,2407161.45,9.698901098901098,195.67,192.86,217.23,285.11,234.13,283.36,238.09,224.07,212.98,187.21,0,184.329,184.28300000000002
2006-06-01,224.4,192.3,298653,84.9,16412.632395604396,1802,4.6,6.6819999999999995,183.507,70547.47945205479,4.99,201.8,1867,63.1,2.9,2395813.18,9.801098901098902,195.63,194.07,219.05,286.42,234.35,283.49,239.19,224.87,213.97,188.1,0,184.155,183.99699999999999
2006-07-01,225.2,187.3,298910,84.7,16420.738,1737,4.7,6.7625,183.066,70640.35616438356,5.24,202.9,1763,63.0,2.3,2403099.25,9.9,195.65,194.39,217.58,286.27,233.21,282.41,238.77,224.62,215.01,188.42,0,183.507,183.57600000000002
2006-08-01,226.2,182.4,299178,82.0,16468.292,1650,4.7,6.523999999999999,182.593,70736.32876712328,5.25,203.8,1722,63.1,2.5,2415732.03,9.866304347826087,195.11,194.85,219.47,287.44,231.9,281.34,240.09,225.06,214.69,189.84,0,183.066,183.05533333333335
2006-09-01,227.1,182.2,299452,85.4,16515.846,1720,4.5,6.4025,182.797,70832.30136986301,5.25,202.8,1655,63.1,2.4,2426813.23,9.832608695652175,194.21,194.89,217.59,285.94,230.25,279.97,239.92,224.25,213.75,189.79,0,182.593,182.81866666666664
2006-10-01,228.0,174.6,299710,93.6,16561.866,1491,4.4,6.3575,183.197,70925.17808219178,5.25,201.9,1570,63.3,2.4,2429399.86,9.8,193.0,194.78,217.92,288.65,228.99,276.07,240.4,223.84,213.31,190.42,0,182.797,182.86233333333334
2006-11-01,228.9,171.6,299950,92.1,16578.654521739132,1570,4.5,6.24,183.607,71021.1506849315,5.25,202.0,1535,63.3,2.7,2440749.07,9.90108695652174,191.19,195.67,217.05,288.8,228.28,276.01,240.73,223.54,212.93,191.07,0,183.197,183.20033333333333
2006-12-01,230.0,172.5,300178,91.7,16594.90147826087,1649,4.4,6.135,184.139,71114.02739726027,5.24,203.1,1638,63.4,2.6,2456715.7,9.998913043478261,190.85,196.43,215.32,287.86,226.06,274.01,239.96,222.57,210.33,190.78,0,183.607,183.64766666666665
2007-01-01,230.806,176.9,300398,96.9,16611.69,1409,4.6,6.2175,184.517,71210.0,5.25,203.437,1626,63.3,2.4,2457945.58,10.1,219.10999999999999,217.38750000000002,295.115,313.64,313.7925,359.0,283.2075,263.115,232.5475,200.5975,0,184.139,184.08766666666668
2007-02-01,231.739,176.8,300608,91.3,16646.69382222222,1480,4.5,6.285,184.599,71003.61643835617,5.26,204.226,1598,63.3,2.8,2470049.92,9.893333333333333,218.955,219.9375,295.555,315.065,312.91,355.945,283.8725,263.78000000000003,234.2475,203.195,0,184.517,184.41833333333332
2007-03-01,232.495,177.5,300823,88.4,16678.310177777777,1495,4.4,6.156000000000001,184.15,70817.20547945205,5.26,205.288,1596,63.3,3.0,2484433.18,9.706666666666667,216.715,219.9725,294.1125,312.9,310.88,347.9575,280.355,261.665,233.54,204.32,0,184.599,184.42200000000003
2007-04-01,232.98,177.0,301045,87.1,16713.314,1490,4.5,6.18,183.01,70610.82191780822,5.25,205.904,1470,63.0,3.0,2493729.77,9.5,213.60250000000002,220.195,293.22249999999997,307.01,308.2375,335.03000000000003,276.29,258.1825,231.0075,204.3675,0,184.15,183.91966666666667
2007-05-01,233.549,175.6,301278,88.3,16745.05235164835,1415,4.4,6.2620000000000005,181.601,70411.09589041096,5.25,206.755,1493,63.0,2.8,2510016.06,9.598901098901099,193.36,201.11,220.01,291.99,230.46,274.64,242.54,226.27,216.15,196.87,0,183.01,182.92033333333333
2007-06-01,234.071,177.2,301528,85.3,16777.848648351646,1448,4.6,6.657500000000001,180.253,70204.71232876713,5.25,207.234,1407,63.0,2.7,2519121.04,9.701098901098902,193.42,202.08,220.91,293.65,228.99,272.49,241.91,226.24,216.58,197.42,0,181.601,181.62133333333335
2007-07-01,234.732,179.2,301790,90.4,16809.587,1354,4.7,6.695,179.11,70004.98630136986,5.26,207.603,1361,62.9,2.6,2533667.67,9.8,191.9,201.31,220.24,292.08,227.85,270.48,238.9,224.98,216.87,197.99,0,180.253,180.3213333333333
2007-08-01,235.311,176.8,302064,83.4,16845.17095652174,1330,4.6,6.572,178.116,69798.60273972603,5.02,207.667,1321,62.7,2.2,2552767.07,9.732608695652175,191.3,200.42,219.88,289.97,227.85,263.42,238.91,223.77,215.1,198.68,0,179.11,179.15966666666668
2007-09-01,236.058,174.2,302334,83.4,16880.754913043478,1183,4.7,6.3825,177.55700000000002,69592.21917808219,4.94,208.547,1261,62.9,2.3,2566995.36,9.665217391304347,188.72,200.97,217.92,286.13,225.16,260.56,237.17,221.99,215.62,197.6,0,178.116,178.261
2007-10-01,237.135,171.2,302590,80.9,16915.191,1264,4.7,6.375,176.623,69392.49315068492,4.76,209.19,1192,62.7,2.2,2582326.03,9.6,186.72,199.4,218.01,281.64,224.04,253.97,234.69,219.56,211.15,197.55,0,177.55700000000002,177.43200000000002
2007-11-01,238.169,167.2,302834,76.1,16890.866782608697,1197,4.7,6.208,175.146,69186.1095890411,4.49,210.834,1224,62.9,1.9,2597649.3,9.768478260869564,184.86,199.64,215.99,278.83,221.61,247.49,231.21,217.1,210.78,196.26,0,176.623,176.442
2007-12-01,239.102,167.3,303062,75.5,16867.327217391303,1037,5.0,6.095,174.34099999999998,68986.38356164383,4.24,211.445,1149,62.7,2.4,2609476.53,9.931521739130435,182.32,198.44,215.24,274.06,220.66,241.52,228.76,214.8,209.39,196.2,0,175.146,175.37
2008-01-01,239.85,163.7,303280,78.4,16843.003,1084,5.0,5.758,173.132,68780.0,3.94,212.174,1094,62.9,2.6,2619427.65,10.1,207.3525,217.3525,290.0925,295.14750000000004,302.435,309.575,266.2425,250.3,227.135,203.6475,0,174.34099999999998,174.2063333333333
2008-02-01,240.325,161.9,303494,70.8,16877.167043956044,1103,4.9,5.9175,171.54,68742.73224043715,2.98,212.687,1014,62.8,3.0,2634496.42,10.065934065934066,205.565,218.0675,286.8525,289.40749999999997,298.1175,293.84749999999997,259.7825,246.37,226.66,204.685,0,173.132,173.0043333333333
2008-03-01,240.874,162.1,303707,69.5,16909.126956043958,1005,5.1,5.97,170.05200000000002,68707.86885245901,2.61,213.448,967,62.7,2.9,2645603.64,10.034065934065934,201.7925,215.9,282.8725,279.7575,292.2125,278.265,251.72750000000002,240.78,224.8275,204.6225,0,171.54,171.57466666666664
2008-04-01,241.474,162.8,303926,62.6,16943.291,1013,5.0,5.9175,168.33599999999998,68670.60109289618,2.28,213.942,1008,62.7,2.4,2654243.23,10.0,196.9075,214.285,278.5725,269.5475,288.445,267.445,243.7,235.13,221.86,202.38,0,170.05200000000002,169.976
2008-05-01,241.803,169.1,304157,59.8,16913.95165934066,973,5.4,6.036,166.657,68634.53551912568,1.98,215.208,995,62.5,6.8,2660193.15,9.967032967032967,180.62,198.77,213.45,265.56,215.85,216.87,217.18,208.29,207.75,196.97,0,168.33599999999998,168.34833333333333
2008-06-01,242.64,170.4,304396,56.4,16883.63434065934,1046,5.6,6.32,165.016,68597.26775956285,2.0,217.463,1180,62.4,4.6,2662409.52,9.932967032967033,180.41,198.2,212.29,262.68,216.4,214.61,216.37,207.81,208.95,198.67,0,166.657,166.66966666666667
2008-07-01,243.367,166.9,304646,61.2,16854.295,923,5.8,6.425999999999999,163.565,68561.20218579235,2.01,219.016,921,62.2,3.6,2665321.26,9.9,179.05,197.01,211.82,258.4,214.34,210.51,213.28,205.75,207.51,198.1,0,165.016,165.07933333333332
2008-08-01,244.181,167.3,304903,63.0,16729.976576086956,844,6.1,6.4775,161.987,68523.9344262295,2.0,218.69,858,62.0,3.1,2662237.78,9.967391304347826,177.94,195.46,210.76,254.72,212.4,205.59,209.49,203.37,207.02,196.38,0,163.565,163.52266666666665
2008-09-01,244.926,166.7,305158,70.3,16605.65815217391,820,6.1,6.0375,160.30700000000002,68486.66666666667,1.81,218.877,797,61.9,3.9,2657389.13,10.034782608695652,173.93,194.24,209.79,250.73,210.12,201.51,205.66,200.64,204.29,196.97,0,161.987,161.953
2008-10-01,245.855,159.4,305403,57.6,16485.35,777,6.5,6.2,158.326,68450.60109289618,0.97,216.995,736,61.7,4.9,2660729.5,10.1,172.91,192.7,206.88,243.62,210.76,197.84,203.8,198.49,203.97,194.79,0,160.30700000000002,160.20666666666668
2008-11-01,246.681,156.7,305620,55.3,16422.309478260868,652,6.8,6.0875,156.141,68413.33333333333,0.39,213.153,626,61.4,6.0,2651481.39,10.1,169.21,191.59,205.39,237.17,206.44,192.32,197.47,194.13,198.1,191.56,0,158.326,158.258
2008-12-01,247.278,154.9,305827,60.1,16361.30252173913,560,7.3,5.286,153.618,68377.26775956285,0.16,211.398,554,61.0,5.8,2643788.96,10.1,167.64,189.31,202.42,236.78,205.3,189.9,193.9,192.34,199.08,191.52,0,156.141,156.02833333333334
2009-01-01,247.974,150.4,306035,61.2,16298.262,490,7.8,5.047499999999999,151.506,68340.0,0.15,211.933,545,60.6,5.9,2647028.86,10.1,192.94,210.9975,274.9025,257.425,284.71,252.905,235.765,229.10250000000002,219.325,201.26,0,153.618,153.755
2009-02-01,248.305,148.5,306237,56.3,16288.232811111111,582,8.3,5.13,150.014,68203.2602739726,0.22,212.705,558,60.3,5.4,2638532.74,10.272222222222222,191.9075,211.29250000000002,272.58,252.21249999999998,282.355,247.54000000000002,232.39249999999998,227.27999999999997,220.19,202.6525,0,151.506,151.71266666666668
2009-03-01,248.639,144.8,306438,57.3,16279.17418888889,505,8.7,5.0025,148.66,68079.75342465754,0.18,212.495,513,59.9,5.8,2622827.85,10.427777777777777,189.7,209.45749999999998,270.27,246.4325,278.81,245.32,228.34250000000003,224.76,218.2475,202.4025,0,150.014,150.06
2009-04-01,248.899,145.0,306645,65.1,16269.145,478,9.0,4.8100000000000005,147.94899999999998,67943.01369863014,0.15,212.709,521,59.8,6.5,2615973.01,10.6,188.1275,208.7325,268.455,243.6925,278.0025,244.9375,225.47499999999997,223.315,218.005,201.905,0,148.66,148.8743333333333
2009-05-01,249.069,143.7,306863,68.7,16287.981043956044,540,9.4,4.8575,147.69299999999998,67810.68493150685,0.18,213.022,556,59.6,7.8,2610010.78,10.764835164835164,172.37,191.07,203.05,230.65,206.46,185.07,196.07,193.6,202.64,195.29,0,147.94899999999998,148.10066666666663
2009-06-01,249.092,144.6,307090,70.8,16307.444956043957,585,9.5,5.42,148.088,67673.94520547945,0.21,214.79,601,59.4,6.1,2591475.41,10.935164835164835,171.53,194.05,202.37,229.61,207.88,187.35,196.5,194.46,204.1,198.21,0,147.69299999999998,147.91
2009-07-01,248.994,150.9,307322,66.0,16326.281,594,9.5,5.2219999999999995,148.408,67541.61643835617,0.16,214.726,595,59.3,5.4,2590854.98,11.1,170.23,191.57,203.28,229.25,207.36,187.85,196.41,193.8,203.13,196.0,0,148.088,148.063
2009-08-01,249.029,151.4,307570,65.7,16385.74472826087,586,9.6,5.1925,148.276,67404.87671232877,0.16,215.445,616,59.1,4.4,2582126.01,10.965217391304348,169.77,191.49,203.66,226.99,205.6,188.55,193.87,193.07,202.61,195.84,0,148.408,148.25733333333332
2009-09-01,248.965,152.6,307826,73.5,16445.20845652174,585,9.8,5.0575,148.025,67268.13698630137,0.15,215.861,609,58.7,5.5,2576594.39,10.830434782608695,169.11,188.06,200.98,224.36,205.17,187.49,194.88,192.01,201.21,194.3,0,148.276,148.23633333333333
2009-10-01,248.888,151.4,308071,70.6,16502.754,534,10.0,4.952,147.85,67135.80821917808,0.12,216.509,583,58.5,5.1,2563422.73,10.7,167.4,190.98,202.33,224.37,205.42,188.32,192.17,191.92,201.76,196.34,0,148.025,148.05033333333336
2009-11-01,248.886,153.3,308289,67.4,16529.695695652175,588,9.9,4.875,148.136,66999.06849315068,0.12,217.234,623,58.6,5.5,2551569.29,10.666304347826086,168.27,190.1,201.03,223.43,204.33,189.34,192.76,191.73,200.8,194.26,0,147.85,148.00366666666665
2009-12-01,248.999,156.4,308495,72.5,16555.768304347825,581,9.9,4.93,147.931,66866.7397260274,0.12,217.347,664,58.3,5.4,2555016.64,10.633695652173913,163.93,186.59,200.89,219.04,203.65,185.55,188.01,188.52,197.77,193.3,0,148.136,147.97233333333335
2010-01-01,249.144,157.2,308706,74.4,16582.71,614,9.8,5.03,147.39700000000002,66730.0,0.11,217.488,636,58.5,5.6,2543508.02,10.6,183.5325,204.7225,265.53249999999997,236.9325,272.1275,242.01749999999998,220.2925,219.17000000000002,213.01,200.26,0,147.931,147.82133333333334
2010-02-01,249.017,166.4,308904,73.6,16637.9768,604,9.8,4.99,145.632,66646.76712328767,0.13,217.281,650,58.5,5.3,2530024.28,10.6,184.6575,204.90749999999997,266.1675,235.1875,273.0125,243.2125,219.2125,219.7575,215.98,201.695,0,147.39700000000002,146.98666666666668
2010-03-01,249.089,169.2,309095,73.6,16687.8952,636,9.9,4.9675,145.858,66571.5890410959,0.16,217.353,687,58.5,5.3,2536551.95,10.6,184.0775,204.28250000000003,265.4625,232.48,273.4625,241.95,218.0,218.8,214.685,201.26,0,145.632,146.29566666666668
2010-04-01,249.012,175.8,309289,72.2,16743.162,687,9.9,5.098000000000001,146.401,66488.35616438356,0.2,217.403,637,58.7,6.0,2532764.79,10.6,182.89499999999998,203.04500000000002,264.0925,228.8175,272.0675,238.49,215.8425,216.8525,213.2725,199.705,0,145.858,145.96366666666668
2010-05-01,248.925,180.0,309485,73.6,16785.72375824176,583,9.6,4.8875,146.391,66407.80821917808,0.2,217.29,575,58.6,6.4,2521687.94,10.501098901098901,167.83,188.52,200.82,219.26,204.06,189.05,188.75,191.01,202.26,198.23,0,146.401,146.21666666666667
2010-06-01,248.999,170.1,309691,76.0,16829.70424175824,536,9.4,4.7375,145.718,66324.57534246576,0.18,217.199,587,58.5,6.2,2518416.41,10.3989010989011,166.55,186.38,202.33,216.75,204.53,185.69,189.28,190.04,202.32,196.37,0,146.391,146.17
2010-07-01,249.126,167.4,309913,67.8,16872.266,546,9.4,4.564,144.986,66244.02739726027,0.18,217.605,579,58.5,6.1,2521104.8,10.3,165.61,186.7,201.54,215.56,203.42,186.05,186.56,188.87,198.55,195.94,0,145.718,145.69833333333332
2010-08-01,249.024,165.0,310146,68.9,16902.119673913043,599,9.5,4.4275,143.911,66160.79452054795,0.19,217.923,580,58.6,6.2,2520422.13,9.996739130434783,165.86,185.68,199.66,213.97,203.74,183.51,185.75,188.08,199.01,195.97,0,144.986,144.87166666666664
2010-09-01,249.368,163.9,310385,68.2,16931.97334782609,594,9.5,4.346,143.015,66077.56164383562,0.19,218.275,563,58.5,6.1,2522094.23,9.693478260869565,162.87,184.0,198.15,210.17,201.28,182.38,182.47,185.45,196.45,192.27,0,143.911,143.97066666666666
2010-10-01,249.618,162.6,310612,67.7,16960.864,543,9.4,4.225,142.526,65997.01369863014,0.19,219.035,558,58.3,5.9,2530106.0,9.4,164.12,183.04,200.02,210.49,201.74,179.62,181.79,185.12,195.55,191.14,0,143.015,143.15066666666667
2010-11-01,250.317,163.8,310820,71.6,16947.307565217394,545,9.8,4.3,142.166,65913.78082191781,0.19,219.59,560,58.2,5.8,2531232.26,9.501086956521739,162.76,182.99,197.74,204.85,200.27,178.59,181.56,183.8,193.26,190.87,0,142.526,142.569
2010-12-01,250.986,166.4,311020,74.5,16934.18843478261,539,9.3,4.714,142.053,65833.23287671233,0.18,220.472,632,58.3,6.2,2646811.26,9.59891304347826,158.33,177.98,195.07,203.49,198.17,175.94,179.27,180.97,192.02,188.54,0,142.166,142.24833333333333
2011-01-01,251.555,169.0,311204,74.2,16920.632,630,9.1,4.755,141.515,65750.0,0.17,221.187,576,58.3,6.6,2657360.1,9.7,175.68,197.85,258.045,218.285,266.1125,228.38,206.575,209.3075,205.445,196.0475,0,142.053,141.91133333333332
2011-02-01,251.829,168.7,311373,77.5,16960.06468888889,517,9.0,4.9525,140.342,65749.1506849315,0.16,221.898,542,58.4,6.9,2663779.92,9.527777777777777,175.635,197.805,257.225,214.5675,264.7025,226.52750000000003,205.10750000000002,208.5675,206.15,197.0275,0,141.515,141.3033333333333
2011-03-01,252.145,170.0,311551,67.5,16995.68131111111,600,9.0,4.836,139.974,65748.38356164383,0.14,223.046,583,58.4,6.3,2672031.38,9.372222222222222,176.8425,198.4,257.0775,215.505,264.9225,226.8625,205.915,209.34249999999997,208.04250000000002,197.375,0,140.342,140.61033333333333
2011-04-01,252.221,168.7,311740,69.8,17035.114,554,9.1,4.84,140.006,65747.53424657535,0.1,224.093,581,58.4,6.3,2679950.15,9.2,176.265,198.29,256.10749999999996,215.8475,265.2325,225.6525,205.965,209.065,207.5775,198.04500000000002,0,139.974,140.10733333333334
2011-05-01,252.393,165.9,311935,74.3,17033.860923076925,561,9.0,4.6375,139.903,65746.71232876713,0.09,224.806,618,58.3,6.3,2683973.45,9.397802197802198,158.69,180.34,193.2,199.01,197.2,171.32,176.23,179.68,190.68,191.56,0,140.006,139.961
2011-06-01,252.592,165.3,312147,71.5,17032.566076923074,608,9.1,4.51,139.859,65745.86301369863,0.09,224.806,636,58.2,6.5,2693088.33,9.602197802197802,160.38,180.76,195.4,199.85,199.24,171.58,177.29,181.2,193.44,194.66,0,139.903,139.92266666666666
2011-07-01,253.085,165.9,312372,63.7,17031.313,623,9.0,4.545,139.72799999999998,65745.04109589041,0.07,225.395,621,58.2,6.7,2717525.97,9.8,161.98,182.88,195.74,200.67,197.04,172.91,176.5,181.56,194.88,192.63,0,139.859,139.83
2011-08-01,254.003,167.7,312605,55.8,17095.762673913043,585,9.0,4.27,139.306,65744.19178082192,0.1,226.106,647,58.3,6.7,2709151.87,9.665217391304349,159.51,182.48,194.64,199.49,196.48,171.01,177.2,180.39,192.75,191.13,0,139.72799999999998,139.631
2011-09-01,254.628,165.6,312842,59.5,17160.212347826084,650,9.0,4.106,138.664,65743.34246575342,0.08,226.597,610,58.4,6.4,2720060.44,9.530434782608696,159.14,179.78,193.28,201.24,196.59,171.45,178.76,180.56,192.98,191.44,0,139.306,139.23266666666666
2011-10-01,255.651,165.0,313060,60.8,17222.583,610,8.8,4.0675,137.947,65742.52054794521,0.07,226.75,671,58.4,6.3,2727962.54,9.4,156.81,178.58,191.68,198.32,195.69,170.08,176.5,178.89,192.6,190.81,0,138.664,138.639
2011-11-01,256.367,163.2,313260,63.7,17271.248619565216,711,8.6,3.9925,137.14600000000002,65741.67123287672,0.08,227.169,706,58.6,6.4,2746799.26,9.197826086956523,158.77,178.61,189.36,198.72,195.41,169.54,175.72,179.01,192.81,192.34,0,137.947,137.919
2011-12-01,257.189,164.1,313454,69.9,17318.34438043478,694,8.5,3.9579999999999997,136.668,65740.8493150685,0.07,227.223,697,58.6,7.2,2756224.85,9.002173913043478,155.57,180.99,188.77,199.82,194.73,167.91,176.36,178.0,187.75,191.62,0,137.14600000000002,137.25366666666667
2012-01-01,257.714,164.1,313636,75.0,17367.01,723,8.3,3.915,136.602,65740.0,0.08,227.842,712,58.4,7.4,2770124.65,8.8,174.0525,196.70749999999998,252.92,217.06,260.495,223.18,203.95250000000001,207.3125,206.775,197.76749999999998,0,136.668,136.80533333333335
2012-02-01,258.184,166.2,313811,75.3,17393.41620879121,704,8.3,3.89,136.526,65950.05464480874,0.1,228.329,738,58.5,7.3,2777643.62,8.731868131868133,176.41750000000002,198.8775,253.4075,223.5025,262.055,227.1325,206.4225,210.17000000000002,209.4725,201.2975,0,136.602,136.59866666666667
2012-03-01,258.569,169.3,313993,76.2,17418.11879120879,695,8.2,3.9539999999999997,137.89700000000002,66146.55737704918,0.13,228.807,806,58.5,7.6,2791565.95,8.668131868131868,178.52749999999997,200.4025,255.275,229.5275,263.745,232.6125,209.1925,213.155,212.07999999999998,203.88,0,136.526,137.00833333333335
2012-04-01,258.922,170.1,314176,76.4,17444.525,753,8.2,3.91,139.148,66356.61202185793,0.14,229.187,732,58.4,7.9,2802317.58,8.6,178.6725,200.915,254.95000000000002,233.3025,263.75,237.3025,211.1475,214.57999999999998,212.4025,204.755,0,137.89700000000002,137.857
2012-05-01,259.231,174.8,314368,79.3,17452.807967032968,708,8.2,3.7979999999999996,140.149,66559.89071038252,0.16,228.713,796,58.5,7.9,2817982.27,8.6,162.21,185.26,192.62,213.37,196.15,177.08,182.32,184.79,196.59,197.47,0,139.148,139.06466666666668
2012-06-01,259.407,174.7,314576,73.2,17461.367032967035,757,8.2,3.675,141.02700000000002,66769.94535519126,0.16,228.524,794,58.6,7.9,2829850.8,8.6,163.58,186.19,194.52,218.65,197.78,179.79,183.38,186.75,199.1,199.57,0,140.149,140.108
2012-07-01,260.107,170.7,314796,72.3,17469.65,740,8.2,3.55,141.668,66973.22404371585,0.16,228.59,849,58.5,7.0,2840049.63,8.6,163.74,185.63,193.96,220.15,197.46,179.4,183.94,187.12,200.97,200.97,0,141.02700000000002,140.948
2012-08-01,260.677,175.2,315031,74.3,17476.457195652176,754,8.1,3.6019999999999994,142.278,67183.27868852459,0.13,229.918,840,58.4,6.7,2857102.48,8.633695652173913,163.98,184.41,193.76,219.98,197.88,183.22,184.81,187.53,199.05,199.83,0,141.668,141.6576666666667
2012-09-01,261.421,174.8,315264,78.3,17483.264391304347,847,7.8,3.4975,142.905,67393.33333333333,0.14,231.015,930,58.7,7.2,2865789.74,8.667391304347825,163.18,183.87,194.09,221.08,196.52,182.29,185.11,187.3,197.75,200.58,0,142.278,142.28366666666668
2012-10-01,262.707,170.6,315485,82.6,17489.852,915,7.8,3.3825000000000003,143.595,67596.61202185793,0.16,231.638,887,58.8,7.8,2881779.34,8.7,162.39,184.39,191.38,221.02,195.46,185.13,184.73,187.26,198.82,200.45,0,142.905,142.92600000000002
2012-11-01,263.365,177.0,315692,82.7,17547.993173913044,833,7.7,3.3519999999999994,144.578,67806.66666666667,0.16,231.249,917,58.7,8.7,2903346.97,8.666304347826086,161.33,183.94,192.46,222.79,197.1,186.1,184.71,187.52,198.91,201.0,0,143.595,143.69266666666667
2012-12-01,264.098,181.9,315877,72.9,17604.258826086956,976,7.9,3.3449999999999998,145.494,68009.94535519126,0.16,231.221,941,58.7,10.9,2912905.02,8.633695652173913,159.43,183.97,191.93,222.63,196.58,187.26,184.35,186.95,197.82,199.85,0,144.578,144.55566666666667
2013-01-01,264.7,190.9,316038,73.8,17662.4,888,8.0,3.414,146.82,68220.0,0.14,231.679,940,58.6,4.9,2931381.51,8.6,179.30499999999998,200.9875,254.58249999999998,241.1775,264.335,246.0875,213.825,217.31,213.29500000000002,207.275,0,145.494,145.63066666666666
2013-02-01,265.256,196.1,316191,77.6,17678.682233333333,962,7.7,3.5324999999999998,147.77700000000002,68146.95890410959,0.15,232.937,980,58.6,4.7,2953480.76,8.462222222222222,183.39249999999998,203.98250000000002,257.725,249.45999999999998,268.34,256.7375,219.4475,222.71749999999997,217.835,211.535,0,146.82,146.697
2013-03-01,265.821,204.1,316357,78.6,17693.388766666667,1010,7.5,3.565,149.957,68080.98630136986,0.14,232.282,936,58.5,4.8,2963147.07,8.337777777777777,186.1075,205.31,259.6125,255.5075,271.485,266.61,223.0575,226.565,221.075,213.945,0,147.77700000000002,148.18466666666666
2013-04-01,265.984,208.4,316535,76.4,17709.671,835,7.6,3.4450000000000003,151.514,68007.94520547945,0.15,231.797,1012,58.6,5.1,2972772.62,8.2,186.2025,205.06,258.875,258.6,269.4625,271.59749999999997,224.145,227.495,220.085,215.12,0,149.957,149.74933333333334
2013-05-01,266.559,200.7,316729,84.5,17759.378362637362,930,7.5,3.536,152.846,67937.2602739726,0.11,231.893,1003,58.6,5.3,2988661.4,8.232967032967032,169.37,190.97,197.26,240.0,203.59,205.64,195.95,197.88,204.76,210.04,0,151.514,151.439
2013-06-01,266.905,192.4,316934,84.1,17810.742637362637,839,7.5,4.07,154.196,67864.21917808219,0.09,232.445,942,58.6,5.4,3000936.05,8.267032967032968,171.82,193.39,199.6,243.25,205.31,209.09,197.82,200.43,209.23,211.77,0,152.846,152.852
2013-07-01,267.482,190.5,317156,85.1,17860.45,880,7.3,4.37,155.601,67793.53424657535,0.09,232.9,997,58.7,5.2,3014697.69,8.3,172.95,191.21,200.54,244.99,206.47,212.82,199.14,201.45,209.63,210.91,0,154.196,154.21433333333334
2013-08-01,268.505,194.5,317397,82.1,17912.91311956522,917,7.2,4.456,156.957,67720.49315068492,0.08,233.456,964,58.7,5.2,3030269.0,8.266304347826088,172.46,190.52,199.44,245.04,206.12,212.89,198.78,200.97,208.96,210.16,0,155.601,155.58466666666666
2013-09-01,269.137,196.3,317635,77.5,17965.376239130437,850,7.2,4.49,158.22,67647.45205479451,0.08,233.544,1004,58.7,5.3,3045861.58,8.232608695652173,171.8,193.83,198.05,245.47,203.36,214.11,198.05,200.89,208.46,210.74,0,156.957,156.926
2013-10-01,269.96,200.4,317864,73.2,18016.147,925,7.2,4.192,159.238,67576.76712328767,0.09,233.669,1044,58.3,4.7,3063380.14,8.2,170.31,191.03,198.06,248.02,202.77,214.22,198.22,200.38,206.29,210.38,0,158.22,158.13833333333335
2013-11-01,270.698,204.6,318076,75.1,17995.19740217391,1100,6.9,4.255,160.07399999999998,67503.72602739726,0.08,234.1,1029,58.6,4.5,3075875.88,8.233695652173912,169.7,188.94,197.57,244.55,202.22,213.65,197.7,199.69,206.45,210.68,0,159.238,159.1773333333333
2013-12-01,271.688,205.4,318276,82.5,17974.923597826088,1002,6.7,4.4575,160.993,67433.04109589041,0.09,234.719,1005,58.7,4.5,3090467.79,8.266304347826088,168.97,189.29,195.34,244.23,200.54,213.45,198.3,199.49,205.21,212.87,0,160.07399999999998,160.10166666666666
2014-01-01,272.317,210.5,318464,81.2,17953.974,888,6.6,4.432,161.924,67360.0,0.07,235.288,976,58.8,5.2,3113002.96,8.3,186.695,205.6,258.33,263.75,270.22,278.3775,226.58249999999998,229.825,221.615,218.575,0,160.993,160.99699999999999
2014-02-01,272.733,214.8,318642,81.6,18033.86341111111,944,6.7,4.3025,162.52100000000002,67669.1506849315,0.07,235.547,1039,58.7,5.3,3133891.8,8.024444444444445,191.6075,208.97000000000003,261.91,269.6825,275.18,286.16999999999996,231.6125,234.8225,226.27499999999998,222.505,0,161.924,161.81266666666667
2014-03-01,273.486,218.3,318827,80.0,18106.02158888889,970,6.7,4.3425,163.08,67948.38356164383,0.08,236.028,1067,58.9,5.2,3150697.02,7.775555555555556,194.85250000000002,210.5325,264.665,272.54,278.7275,291.38,234.51500000000001,238.0375,228.7725,226.0125,0,162.52100000000002,162.50833333333335
2014-04-01,274.1,215.3,319020,84.1,18185.911,1043,6.2,4.3375,163.385,68257.53424657535,0.09,236.468,1090,58.9,5.4,3173234.63,7.5,194.975,211.73,264.645,275.205,277.245,293.84499999999997,236.01,239.02249999999998,229.425,226.98250000000002,0,163.08,162.99533333333332
2014-05-01,274.71,217.1,319225,81.9,18258.77803296703,1007,6.3,4.192,163.651,68556.71232876713,0.09,236.918,1018,58.9,5.6,3192546.34,7.467032967032967,175.75,195.38,200.44,255.62,209.47,224.36,205.42,207.1,212.96,219.22,0,163.385,163.37199999999999
2014-06-01,275.321,216.3,319438,82.5,18334.073967032968,911,6.1,4.1625,164.05900000000003,68865.86301369863,0.1,237.231,1010,59.0,5.6,3209899.68,7.432967032967033,177.98,197.14,203.07,258.92,211.06,226.66,207.9,209.46,215.94,221.13,0,163.651,163.69833333333335
2014-07-01,276.248,215.6,319670,81.8,18406.941,1085,6.2,4.13,164.583,69165.04109589041,0.09,237.498,1076,59.0,5.5,3231535.62,7.4,179.03,197.17,202.56,257.87,211.64,228.48,208.26,210.17,216.56,223.16,0,164.05900000000003,164.09766666666667
2014-08-01,277.048,216.6,319919,82.5,18438.308282608694,984,6.1,4.115,165.207,69474.19178082192,0.09,237.46,1047,59.0,5.3,3248721.35,7.265217391304348,178.99,196.95,202.89,259.69,210.76,229.03,206.28,209.78,215.47,222.59,0,164.583,164.61633333333336
2014-09-01,277.998,218.7,320166,84.6,18469.67556521739,1023,5.9,4.1625,165.898,69783.34246575342,0.09,237.477,1077,59.1,5.5,3265101.43,7.130434782608695,177.82,196.01,200.22,259.09,208.77,227.74,206.38,208.87,214.42,222.78,0,165.207,165.22933333333333
2014-10-01,278.985,214.0,320403,86.9,18500.031,1074,5.7,4.036,166.634,70082.5205479452,0.09,237.43,1094,59.3,5.4,3275438.44,7.0,177.35,195.65,200.33,259.32,207.3,228.52,206.77,208.8,214.54,221.94,0,165.898,165.91299999999998
2014-11-01,280.123,211.2,320616,88.8,18556.16458695652,1001,5.8,3.9975,167.328,70391.67123287672,0.09,236.983,1059,59.2,5.6,3283048.38,7.033695652173913,176.17,196.7,200.06,259.58,207.35,228.81,207.92,209.06,214.74,223.19,0,166.634,166.62
2014-12-01,280.874,210.0,320815,93.6,18610.487413043476,1073,5.6,3.864,168.044,70690.8493150685,0.12,236.252,1072,59.3,6.0,3309539.83,7.066304347826087,175.72,194.91,200.32,261.35,205.59,229.37,208.18,209.01,213.55,223.86,0,167.328,167.33533333333332
2015-01-01,281.572,210.0,320997,98.1,18666.621,1085,5.7,3.67,168.62099999999998,71000.0,0.11,234.747,1049,59.3,6.3,3319894.29,7.1,195.235,213.9975,265.27250000000004,280.83,278.6425,299.0875,239.1325,241.54,230.4625,231.075,0,168.044,167.99766666666667
2015-02-01,282.389,207.8,321164,95.4,18706.446355555556,886,5.5,3.71,169.11900000000003,71214.02739726027,0.11,235.342,1127,59.2,6.4,3337831.08,6.996666666666666,200.27,216.5525,268.86,287.8425,284.9225,306.605,245.0925,246.8825,234.8975,235.9025,0,168.62099999999998,168.59466666666665
2015-03-01,283.13,204.6,321344,93.0,18742.417644444442,960,5.4,3.77,169.78900000000002,71407.34246575342,0.11,235.976,1072,59.2,5.9,3360538.49,6.903333333333333,202.3375,219.0325,271.4825,292.67,287.4575,312.9825,248.08249999999998,250.14999999999998,237.675,239.0675,0,169.11900000000003,169.17633333333333
2015-04-01,283.598,202.8,321538,95.9,18782.243,1190,5.4,3.6719999999999997,170.28900000000002,71621.3698630137,0.12,236.222,1166,59.3,5.9,3382658.45,6.8,202.59,220.3625,270.5325,295.4525,286.96,316.76,249.805,251.3175,238.705,239.905,0,169.78900000000002,169.73233333333334
2015-05-01,284.245,198.7,321740,90.7,18807.025967032965,1079,5.6,3.84,170.87099999999998,71828.49315068492,0.12,237.001,1272,59.4,5.8,3399382.35,6.964835164835165,183.79,203.15,205.06,274.41,214.98,241.53,217.75,218.22,221.99,233.88,0,170.28900000000002,170.31633333333335
2015-06-01,285.031,198.2,321954,96.1,18832.635032967035,1205,5.3,3.9825,171.47,72042.52054794521,0.13,237.657,1379,59.4,5.7,3425261.48,7.135164835164835,186.6,204.31,207.07,276.7,218.96,243.13,219.78,220.3,223.82,235.21,0,170.87099999999998,170.87666666666667
2015-07-01,286.09,200.1,322186,93.1,18857.418,1146,5.2,4.046,172.145,72249.64383561644,0.13,238.034,1140,59.3,5.6,3444197.43,7.3,185.82,204.17,208.36,280.29,218.13,245.41,220.61,221.09,224.88,236.03,0,171.47,171.49533333333332
2015-08-01,287.068,196.6,322427,91.9,18869.140043478263,1130,5.1,3.9050000000000002,172.923,72463.67123287672,0.14,238.033,1165,59.4,5.6,3460288.26,7.198913043478261,184.42,204.95,208.2,279.06,217.05,244.99,219.24,220.38,224.9,235.72,0,172.145,172.17933333333335
2015-09-01,288.306,191.8,322670,87.2,18880.86208695652,1224,5.0,3.89,173.815,72677.69863013699,0.14,237.498,1144,59.2,5.8,3487918.0,7.0978260869565215,184.84,204.38,206.47,279.45,215.07,245.01,219.94,220.19,223.46,235.7,0,172.923,172.961
2015-10-01,289.428,192.3,322901,90.0,18892.206,1058,5.0,3.7960000000000003,174.778,72884.82191780822,0.12,237.733,1160,59.3,5.8,3502837.33,7.0,184.24,204.59,206.32,278.46,214.48,246.11,220.77,220.24,223.29,235.42,0,173.815,173.83866666666665
2015-11-01,290.322,195.4,323113,91.3,18929.097347826086,1172,5.1,3.9425,175.72299999999998,73098.8493150685,0.12,238.017,1244,59.4,5.6,3510634.95,7.0,184.19,204.66,204.86,282.94,213.74,248.02,220.62,220.42,222.86,234.86,0,174.778,174.77200000000002
2015-12-01,291.204,193.1,323318,92.6,18964.79865217391,1146,5.0,3.964,176.52700000000002,73305.97260273973,0.24,237.761,1211,59.6,5.8,3400223.22,7.0,182.8,205.46,204.53,280.04,214.35,247.93,220.67,220.14,223.92,235.16,0,175.72299999999998,175.67600000000002
2016-01-01,292.004,194.1,323509,92.0,19001.69,1092,4.8,3.8725,177.25099999999998,73520.0,0.34,237.652,1171,59.7,6.1,3419743.03,7.0,203.7875,222.52,270.9475,301.47249999999997,288.845,322.8475,253.76999999999998,254.35,241.53250000000003,243.2575,0,176.52700000000002,176.50033333333332
2016-02-01,292.777,193.8,323687,91.7,19022.47669230769,1225,4.9,3.66,177.635,73629.26229508196,0.38,237.336,1172,59.8,5.6,3438522.78,6.897802197802198,208.54000000000002,225.7225,276.32,309.0575,293.53000000000003,331.265,259.09000000000003,259.86,246.3125,248.34,0,177.25099999999998,177.13766666666666
2016-03-01,293.489,196.8,323871,91.0,19041.922307692308,1111,5.0,3.694,178.153,73731.47540983607,0.36,238.08,1118,59.8,5.9,3466189.45,6.802197802197802,212.32750000000001,228.765,279.7025,314.155,297.9175,337.6025,263.605,264.06,249.2725,252.26749999999998,0,177.635,177.67966666666666
2016-04-01,294.175,201.7,324061,89.0,19062.709,1163,5.1,3.605,178.75400000000002,73840.73770491804,0.37,238.992,1160,59.7,5.5,3486203.97,6.7,212.8475,230.3725,280.3225,317.5125,299.64,341.4925,265.715,265.6575,250.0675,253.035,0,178.153,178.18066666666664
2016-05-01,295.036,203.2,324260,94.7,19107.289989010987,1148,4.8,3.6,179.412,73946.47540983607,0.37,239.557,1205,59.7,5.3,3503708.99,6.732967032967033,191.51,213.19,211.46,296.21,222.03,260.4,230.8,230.01,232.17,246.04,0,178.75400000000002,178.773
2016-06-01,295.902,203.6,324476,93.5,19153.35701098901,1203,4.9,3.568,180.076,74055.73770491804,0.38,240.222,1208,59.7,4.9,3524039.2,6.767032967032967,194.37,213.72,214.66,298.36,224.59,261.83,233.55,232.3,234.55,247.52,0,179.412,179.414
2016-07-01,296.862,204.8,324697,90.0,19197.938,1239,4.8,3.44,180.842,74161.47540983607,0.39,240.101,1198,59.8,5.1,3542817.45,6.8,194.7,215.11,214.78,298.32,225.1,263.76,234.48,233.25,236.79,248.79,0,180.076,180.11
2016-08-01,297.916,206.3,324924,89.8,19233.794891304347,1171,4.9,3.435,181.828,74270.73770491804,0.4,240.545,1201,59.8,5.1,3565449.09,6.833695652173913,195.22,215.54,214.52,299.63,225.1,263.65,234.13,233.19,235.33,248.32,0,180.842,180.91533333333334
2016-09-01,298.962,205.4,325155,91.2,19269.651782608693,1068,5.0,3.46,182.804,74380.0,0.4,241.176,1303,59.7,5.1,3586414.67,6.8673913043478265,194.55,215.33,213.82,299.99,225.32,265.16,234.52,233.19,235.38,247.75,0,181.828,181.82466666666667
2016-10-01,300.4,204.9,325368,87.2,19304.352,1313,4.9,3.47,183.733,74485.73770491804,0.4,241.741,1254,59.7,5.3,3601516.04,6.9,194.09,214.59,214.26,302.21,224.03,265.04,235.34,233.21,234.83,247.21,0,182.804,182.78833333333333
2016-11-01,301.587,203.5,325562,93.8,19336.022880434783,1140,4.7,3.77,184.742,74595.0,0.41,242.026,1230,59.7,5.4,3618237.14,6.933695652173913,193.46,214.9,213.93,302.18,225.52,266.47,234.88,233.36,235.75,247.78,0,183.733,183.75966666666667
2016-12-01,302.735,203.1,325742,98.2,19366.672119565217,1252,4.7,4.198,185.707,74700.73770491804,0.54,242.637,1248,59.7,5.0,3636435.65,6.966304347826087,192.96,216.96,212.84,302.96,223.77,266.83,235.56,233.43,233.75,249.06,0,184.742,184.72733333333335
2017-01-01,303.467,203.1,325901,98.5,19398.343,1190,4.7,4.15,186.785,74810.0,0.65,243.618,1303,59.9,5.3,3653338.67,7.0,214.6725,232.315,280.965,324.305,301.65250000000003,347.625,269.02750000000003,268.8975,252.755,257.39250000000004,0,185.707,185.74466666666663
2017-02-01,304.211,210.1,326050,96.3,19435.751733333334,1271,4.6,4.1675,187.308,74893.23287671233,0.66,244.006,1234,60.0,5.6,3670015.03,7.1033333333333335,220.54000000000002,237.51500000000001,286.7725,333.23,307.975,356.82,275.495,275.45,258.58,263.1,0,186.785,186.6
2017-03-01,304.868,211.8,326207,96.9,19469.540266666667,1190,4.4,4.196,187.985,74968.4109589041,0.79,243.892,1272,60.2,5.6,3685308.49,7.196666666666666,224.1875,240.8075,291.1575,339.0025,312.645,363.73749999999995,279.19,279.5875,261.99,265.855,0,187.308,187.35933333333332
2017-04-01,305.477,215.9,326371,97.0,19506.949,1146,4.4,4.045,188.712,75051.64383561644,0.9,244.193,1251,60.2,5.7,3699296.28,7.3,224.885,241.8625,292.47249999999997,343.2475,314.0925,367.82,282.0725,281.59749999999997,262.785,267.83750000000003,0,187.985,188.00166666666667
2017-05-01,306.379,218.3,326548,97.1,19557.6579010989,1157,4.4,4.01,189.597,75132.19178082192,0.91,244.004,1208,60.1,6.3,3713374.59,7.3659340659340655,202.73,224.27,219.93,319.57,233.79,282.4,245.84,244.46,245.99,260.92,0,188.712,188.7646666666667
2017-06-01,307.314,216.1,326743,95.0,19610.0570989011,1249,4.3,3.904,190.484,75215.42465753424,1.04,244.163,1353,60.1,6.0,3729042.06,7.434065934065934,204.38,226.54,222.73,321.7,236.99,283.89,247.63,246.24,247.33,261.36,0,189.597,189.59766666666667
2017-07-01,308.173,216.9,326939,93.4,19660.766,1206,4.3,3.9675000000000002,191.439,75295.97260273973,1.15,244.243,1256,60.2,6.0,3744907.65,7.5,205.42,227.85,224.24,323.23,237.91,284.81,248.56,247.29,248.29,261.98,0,190.484,190.50666666666666
2017-08-01,309.479,222.1,327140,96.8,19735.430847826086,1159,4.4,3.88,192.632,75379.20547945205,1.16,245.183,1319,60.1,6.1,3758516.67,7.297826086956522,205.69,226.83,225.07,324.09,237.62,286.85,249.57,247.85,248.11,262.1,0,191.439,191.51833333333335
2017-09-01,310.268,220.7,327342,95.1,19810.095695652173,1181,4.3,3.8049999999999997,193.73,75462.43835616438,1.15,246.435,1273,60.4,5.9,3773306.06,7.095652173913043,204.88,226.12,224.78,324.95,236.98,288.29,248.92,247.66,246.41,263.18,0,192.632,192.6003333333333
2017-10-01,311.501,223.6,327528,100.7,19882.352,1257,4.2,3.895,194.779,75542.98630136986,1.15,246.626,1356,60.1,6.0,3796957.23,6.9,204.55,227.32,224.02,326.28,236.25,286.6,249.42,247.42,246.79,261.88,0,193.73,193.71366666666665
2017-11-01,312.67,224.6,327699,98.5,19936.846293478262,1273,4.2,3.9219999999999997,195.933,75626.21917808219,1.16,247.284,1299,60.1,5.6,3816251.86,6.933695652173913,204.13,226.65,222.97,330.24,236.41,289.14,250.05,248.22,248.08,264.25,0,194.779,194.814
2017-12-01,313.904,223.6,327848,95.9,19989.582706521738,1177,4.1,3.95,197.157,75706.76712328767,1.3,247.805,1311,60.1,5.0,3830751.56,6.966304347826087,204.05,227.16,222.92,329.14,235.87,288.72,250.67,247.89,245.45,263.24,0,195.933,195.9563333333333
2018-01-01,314.788,225.3,327969,95.7,20044.077,1299,4.0,4.032500000000001,198.297,75790.0,1.41,248.859,1317,60.1,5.7,3847816.85,7.0,228.2175,246.0425,296.26750000000004,353.885,317.0425,376.31,287.545,286.6675,267.6025,271.48,0,197.157,197.129
2018-02-01,315.277,237.0,328085,99.7,20080.725544444445,1277,4.1,4.33,199.23,76250.32876712328,1.42,249.529,1321,60.4,5.8,3863801.15,6.931111111111111,233.9975,250.15,300.83500000000004,362.75,323.755,384.82,293.34000000000003,292.6925,272.3775,277.14,0,198.297,198.22799999999998
2018-03-01,315.883,240.3,328219,101.4,20113.827455555554,1318,4.0,4.444,199.967,76666.1095890411,1.51,249.577,1385,60.4,5.9,3876062.67,6.868888888888889,237.005,253.1125,305.485,368.925,327.22,388.7825,296.815,296.265,275.7925,279.445,0,199.23,199.16466666666668
2018-04-01,316.763,238.4,328364,98.8,20150.476,1276,4.0,4.4675,200.653,77126.43835616438,1.69,250.227,1378,60.4,6.0,3883485.25,6.8,237.4625,254.29500000000002,305.2475,371.94,327.47249999999997,389.245,298.62,297.165,276.0875,280.1175,0,199.967,199.94999999999996
2018-05-01,317.49,249.3,328521,98.0,20191.908307692305,1357,3.8,4.586,201.411,77571.91780821918,1.7,250.792,1338,60.5,6.0,3900534.83,6.898901098901098,214.44,238.2,231.57,348.06,246.41,302.49,263.2,259.71,258.68,273.05,0,200.653,200.677
2018-06-01,318.318,254.5,328692,98.2,20234.721692307692,1192,4.0,4.57,202.189,78032.24657534246,1.82,251.018,1345,60.5,6.3,3902532.55,7.001098901098901,217.4,239.54,233.97,352.39,248.78,303.99,262.73,261.48,260.95,274.58,0,201.411,201.4176666666667
2018-07-01,319.351,248.0,328863,97.9,20276.154,1208,3.8,4.5275,202.874,78477.72602739726,1.91,251.214,1334,60.6,6.5,3924703.02,7.1,217.34,239.06,235.22,352.17,249.01,304.4,265.21,262.25,263.0,274.36,0,202.189,202.158
2018-08-01,320.651,231.7,329040,96.2,20285.831391304346,1288,3.8,4.55,203.65,78938.05479452055,1.91,251.663,1273,60.3,6.6,3945896.08,6.931521739130434,217.52,239.86,234.23,353.05,249.61,305.96,265.64,262.56,260.82,275.58,0,202.874,202.9043333333333
2018-09-01,321.533,228.0,329216,100.1,20295.508782608696,1250,3.7,4.6274999999999995,204.31,79398.38356164383,1.95,252.182,1314,60.4,6.8,3957699.96,6.763043478260869,217.35,238.4,234.0,353.8,247.92,304.58,264.84,261.74,259.55,273.96,0,203.65,203.61133333333336
2018-10-01,322.628,214.2,329379,98.6,20304.874,1221,3.8,4.83,205.076,79843.86301369863,2.19,252.772,1272,60.5,6.7,3976287.14,6.6,217.07,239.66,232.6,354.07,248.67,303.83,263.64,261.44,260.54,274.06,0,204.31,204.34533333333334
2018-11-01,323.968,209.2,329527,97.5,20347.588967391304,1181,3.8,4.866,205.651,80304.19178082192,2.2,252.594,1340,60.6,6.5,3991713.4,6.734782608695652,215.36,241.32,234.19,355.83,247.48,303.85,265.35,261.96,260.14,275.7,0,205.076,205.01233333333334
2018-12-01,324.815,211.2,329659,98.3,20388.926032608695,1095,3.9,4.6375,206.145,80749.67123287672,2.27,252.767,1317,60.6,8.4,4007041.95,6.8652173913043475,214.35,240.01,233.48,354.27,246.99,302.96,265.79,261.18,259.0,274.24,0,205.651,205.624
2019-01-01,325.597,210.0,329766,91.2,20431.641,1226,4.0,4.464,206.535,81210.0,2.4,252.561,1261,60.6,8.4,4027122.97,7.0,239.58749999999998,258.42499999999995,308.38,379.3475,330.7575,392.96500000000003,302.92,300.8675,279.49,283.9425,0,206.145,206.11033333333333
2019-02-01,326.351,215.8,329862,93.8,20490.414933333333,1121,3.8,4.37,206.861,81069.86301369863,2.4,253.319,1287,60.7,8.5,4039715.76,6.931111111111111,245.8725,263.395,313.8075,387.2075,337.02500000000003,399.62,308.3725,306.6925,284.935,288.3775,0,206.535,206.51366666666664
2019-03-01,327.513,213.5,329977,98.4,20543.501066666668,1191,3.8,4.265,207.081,80943.28767123287,2.41,254.277,1305,60.6,7.9,4051978.29,6.868888888888889,248.9875,266.56,317.9825,392.315,341.3025,403.7225,312.09749999999997,310.41499999999996,288.9425,291.47,0,206.861,206.82566666666665
2019-04-01,328.678,212.6,330103,97.2,20602.275,1272,3.7,4.1425,207.534,80803.1506849315,2.42,255.233,1311,60.5,7.6,4068551.57,6.8,250.22,269.015,320.5025,397.4825,343.4475,406.295,315.14,312.6625,289.9525,292.6775,0,207.081,207.15866666666668
2019-05-01,329.333,210.8,330240,100.0,20681.741043956044,1293,3.6,4.072,208.131,80667.53424657535,2.39,255.296,1347,60.6,7.3,4083370.74,6.8,226.05,249.57,241.36,372.2,256.96,316.1,277.19,272.61,270.49,284.74,0,207.534,207.582
2019-06-01,330.648,205.6,330393,98.2,20763.855956043957,1243,3.6,3.8024999999999998,208.569,80527.39726027397,2.38,255.213,1315,60.7,7.1,4094005.65,6.8,228.19,252.61,242.8,373.89,258.94,316.65,277.31,274.11,272.82,286.54,0,208.131,208.07799999999997
2019-07-01,331.605,209.9,330553,98.4,20843.322,1240,3.7,3.765,209.175,80391.78082191781,2.4,255.802,1352,60.8,6.8,4117721.96,6.8,228.57,253.3,243.84,377.12,260.15,318.07,278.1,274.87,273.5,285.7,0,208.569,208.625
2019-08-01,332.638,208.9,330729,89.8,20891.212282608696,1375,3.6,3.6159999999999997,210.029,80251.64383561644,2.13,256.036,1489,60.8,6.9,4134329.58,6.665217391304348,228.47,251.84,244.12,375.96,261.04,317.97,278.37,274.89,273.42,286.57,0,209.175,209.25766666666667
2019-09-01,333.834,210.9,330904,93.2,20939.102565217392,1311,3.5,3.605,210.83,80111.50684931508,2.04,256.43,1474,61.0,7.0,4146336.79,6.530434782608696,228.4,253.96,243.47,378.44,258.96,317.93,280.12,275.35,273.73,286.32,0,210.029,210.01133333333337
2019-10-01,334.68,208.6,331066,95.5,20985.448,1325,3.6,3.6879999999999997,211.728,79975.8904109589,1.83,257.155,1525,61.0,7.1,4163633.16,6.4,227.82,253.67,244.32,378.9,259.01,318.6,280.34,275.46,273.5,286.49,0,210.83,210.86233333333334
2019-11-01,335.819,208.3,331213,96.8,20886.98593478261,1353,3.6,3.6950000000000003,212.773,79835.75342465754,1.55,257.879,1527,61.0,6.9,4164696.19,6.467391304347826,228.53,252.36,244.93,379.87,260.41,319.71,280.82,275.89,272.73,286.77,0,211.728,211.77700000000002
2019-12-01,336.789,210.0,331345,99.3,20791.700065217392,1548,3.6,3.72,213.949,79700.13698630137,1.55,258.63,1451,61.1,6.2,4192191.39,6.532608695652174,226.97,255.51,245.88,382.71,260.24,319.74,281.2,276.45,274.08,288.27,0,212.773,212.8166666666667
2020-01-01,337.825,209.6,331443,99.8,20693.238,1578,3.6,3.624,215.048,79560.0,1.55,259.127,1507,61.1,7.0,4207194.45,6.6,253.4725,274.27,325.40500000000003,407.9025,348.42749999999995,413.7375,321.61,318.125,293.59749999999997,297.56,0,213.949,213.92333333333332
2020-02-01,338.616,215.2,331525,101.0,20135.70776923077,1537,3.5,3.4650000000000003,215.913,79534.59016393442,1.58,259.25,1442,61.1,7.5,4220425.67,6.293406593406593,258.9,278.885,330.04,415.5125,353.5925,419.9175,326.8925,323.4775,299.73,301.54,0,215.048,214.97
2020-03-01,339.519,222.1,331667,89.1,19614.14723076923,1252,4.4,3.45,216.46,79510.81967213115,0.65,258.076,1358,59.8,12.4,4206113.61,6.006593406593407,265.455,284.9225,337.93499999999995,426.545,364.115,428.83250000000004,333.44,330.765,306.315,306.9825,1,215.913,215.80700000000002
2020-04-01,340.135,204.5,331750,71.8,19056.617,931,14.8,3.306,216.85,79485.40983606558,0.05,256.032,1066,51.2,32.0,4141585.14,5.7,270.615,291.4175,345.98,438.98,374.1925,439.4425,341.2825,338.2925,311.815,312.8175,1,216.46,216.4076666666667
2020-05-01,340.811,211.0,331751,72.3,19548.543153846153,1053,13.2,3.2325,216.942,79460.81967213115,0.05,255.802,1260,52.7,22.8,4125079.15,5.930769230769231,237.7,265.11,253.43,397.83,268.08,330.92,292.18,286.7,284.38,296.46,1,216.85,216.7506666666667
2020-06-01,341.294,225.1,331795,78.1,20056.866846153847,1254,11.0,3.1625,217.467,79435.40983606558,0.08,257.042,1338,54.7,18.4,4137254.88,6.1692307692307695,241.09,267.71,254.61,402.99,272.06,335.23,294.8,290.13,288.17,301.48,1,216.942,217.08633333333333
2020-07-01,341.95,241.1,331861,72.5,20548.793,1523,10.2,3.016,219.168,79410.81967213115,0.09,258.352,1546,55.2,17.8,4153068.46,6.4,244.59,272.08,258.87,409.4,277.94,339.44,298.53,293.86,291.63,302.13,1,217.467,217.859
2020-08-01,342.444,270.2,331936,74.1,20623.89993478261,1401,8.4,2.935,222.271,79385.40983606558,0.1,259.316,1529,56.5,13.9,4149084.75,6.433695652173913,246.88,274.45,263.13,414.42,282.73,343.83,302.88,297.64,295.01,306.24,1,219.168,219.6353333333333
2020-09-01,342.91,322.0,332017,80.4,20699.006869565215,1463,7.8,2.89,225.716,79360.0,0.09,259.997,1624,56.6,13.1,4164539.18,6.467391304347826,249.99,277.84,267.24,421.63,286.54,349.38,305.82,301.33,298.11,308.5,1,222.271,222.385
2020-10-01,343.615,301.3,332092,81.8,20771.691,1543,6.9,2.834,229.664,79335.40983606558,0.09,260.319,1613,57.5,12.6,4169782.63,6.5,251.62,280.87,270.08,426.01,291.17,353.79,309.97,304.56,300.28,311.55,1,225.716,225.88366666666664
2020-11-01,344.039,264.2,332129,76.9,20868.29239130435,1553,6.7,2.765,233.25,79310.0,0.09,260.911,1714,57.4,11.8,4171225.29,6.601086956521739,252.62,281.68,272.56,431.78,293.75,357.9,312.69,306.61,299.97,312.09,1,229.664,229.54333333333332
2020-12-01,344.455,291.5,332113,80.7,20961.77760869565,1635,6.7,2.684,236.575,79285.40983606558,0.09,262.045,1744,57.4,11.8,4184852.48,6.698913043478261,253.58,284.82,273.99,436.59,295.69,359.85,315.08,308.75,301.38,315.12,1,233.25,233.163
2021-01-01,344.758,329.9,332058,79.0,21058.379,1639,6.4,2.735,239.748,79260.0,0.09,262.639,1883,57.4,19.2,4193196.53,6.8,279.9225,303.21000000000004,359.02750000000003,465.485,390.4725,460.26750000000004,356.97,352.675,322.3275,325.76,1,236.575,236.52433333333332
2021-02-01,345.242,343.9,332034,76.8,21172.26128888889,1407,6.2,2.81,242.479,79113.91780821918,0.08,263.573,1715,57.6,12.6,4212290.37,6.593333333333334,293.39250000000004,316.6,373.0325,496.38,409.855,486.6175,374.625,370.185,337.6175,340.5825,1,239.748,239.60066666666668
2021-03-01,345.717,365.8,332074,84.9,21275.12271111111,1668,6.1,3.0825,245.547,78981.97260273973,0.07,264.847,1732,57.7,25.9,4225462.48,6.406666666666666,303.5175,330.4375,386.8975,523.3225,428.01,507.26750000000004,393.5675,385.96500000000003,348.405,355.03499999999997,1,242.479,242.59133333333332
2021-04-01,346.267,390.3,332140,88.3,21389.005,1492,6.1,3.06,249.079,78835.8904109589,0.07,266.625,1738,57.9,12.0,4242462.13,6.2,309.3425,340.7275,395.49,539.165,436.34499999999997,521.975,407.14250000000004,396.3,354.12,365.325,1,245.547,245.70166666666668
2021-05-01,347.016,462.0,332212,82.9,21449.142142857145,1607,5.8,2.9625,253.256,78694.52054794521,0.06,268.404,1681,58.0,9.6,4273773.98,6.068131868131868,275.85,309.67,297.05,489.78,326.34,401.65,345.14,338.44,328.82,342.2,1,249.079,249.294
2021-06-01,347.833,444.3,332299,85.5,21511.283857142855,1638,5.9,2.975,258.021,78548.43835616438,0.08,270.71,1657,58.1,8.4,4424804.51,5.931868131868132,282.07,315.74,300.33,503.58,330.88,407.11,352.48,345.0,333.36,350.68,1,253.256,253.452
2021-07-01,348.469,334.813,332455,81.2,21571.421,1600,5.4,2.868,262.38,78407.06849315068,0.1,271.965,1652,58.4,9.2,4440963.46,5.8,283.77,321.5,304.29,512.68,335.67,411.87,358.94,349.57,336.15,355.16,1,258.021,257.8856666666667
2021-08-01,349.71,283.26,332644,70.3,21702.4859673913,1595,5.1,2.8425000000000002,266.582,78260.98630136986,0.09,272.752,1770,58.6,8.4,4458911.16,5.732608695652174,283.82,324.17,303.86,518.43,334.74,415.72,364.79,351.91,336.82,357.28,1,262.38,262.3276666666667
2021-09-01,351.255,275.379,332805,72.8,21833.55093478261,1563,4.7,2.9,270.156,78114.90410958904,0.08,273.942,1625,58.8,7.2,4482638.31,5.665217391304347,285.49,326.82,305.06,521.08,337.39,417.38,366.61,354.33,338.78,363.33,1,266.582,266.37266666666665
2021-10-01,352.892,288.295,332961,71.7,21960.388,1587,4.5,3.0675,273.616,77973.53424657535,0.08,276.528,1719,59.0,6.6,4499221.64,5.6,286.39,331.1,308.31,526.48,337.21,422.39,370.96,357.24,340.19,365.0,1,270.156,270.118
2021-11-01,354.526,299.073,333117,67.4,21941.337152173914,1704,4.2,3.0675,277.376,77827.45205479451,0.08,278.824,1766,59.4,6.1,4524807.68,5.6673913043478255,287.72,336.05,309.92,532.02,338.78,424.88,376.32,360.19,339.47,368.78,1,273.616,273.71599999999995
2021-12-01,355.931,346.95,333260,70.6,21922.900847826084,1757,3.9,3.098,281.593,77686.08219178082,0.08,280.806,1913,59.5,6.0,4548529.86,5.732608695652174,288.6,337.56,310.18,537.29,343.65,429.46,380.59,363.04,343.02,371.71,1,277.376,277.52833333333336
2022-01-01,357.737,404.213,333360,67.2,21903.85,1712,4.0,3.4450000000000003,286.35,77540.0,0.08,282.542,1915,59.7,3.6,4562548.71,5.8,321.7075,360.09749999999997,410.3025,574.8050000000001,454.45,550.685,434.6125,417.2175,368.045,386.3625,0,281.593,281.773
2022-02-01,359.627,422.316,333457,62.8,21909.1448,1742,3.8,3.7625,291.35200000000003,77800.7397260274,0.08,284.525,1860,59.8,3.6,4593240.77,5.731111111111111,337.53,376.915,429.01750000000004,606.365,479.1475,574.3125,459.245,438.07000000000005,386.57,405.025,0,286.35,286.4316666666667
2022-03-01,361.083,444.946,333610,59.4,21913.927200000002,1678,3.7,4.172,296.502,78036.24657534246,0.2,287.467,1879,60.1,2.7,4634912.58,5.668888888888889,341.4075,383.93,435.59999999999997,604.01,483.97499999999997,570.4625,467.19,442.1975,389.2125,409.28,0,291.35200000000003,291.40133333333335
2022-04-01,362.951,384.474,333792,65.2,21919.222,1828,3.7,4.9825,300.42400000000004,78296.98630136986,0.33,288.582,1835,59.9,2.2,4668065.41,5.6,340.7275,384.155,436.3175,596.5825,482.9125,561.8975,468.3475,441.0075,389.0675,409.6225,0,296.502,296.0926666666667
2022-05-01,365.116,394.751,333976,58.4,21967.868813186815,1540,3.6,5.2299999999999995,303.314,78549.31506849315,0.77,291.299,1712,60.1,2.3,4697428.18,5.731868131868132,315.62,366.07,337.76,594.97,377.17,462.33,422.23,397.3,374.12,406.35,0,300.42400000000004,300.08
2022-06-01,367.927,318.471,334168,50.0,22018.137186813186,1542,3.6,5.522,304.036,78810.05479452055,1.21,295.072,1745,59.9,2.0,4735209.31,5.868131868131868,316.72,371.33,340.34,590.98,377.23,458.83,426.1,398.61,373.61,408.88,0,303.314,302.59133333333335
2022-07-01,370.448,319.231,334393,51.5,22066.784,1392,3.5,5.4125,303.111,79062.38356164383,1.68,294.94,1719,59.9,3.1,4757375.63,6.0,315.36,370.88,339.48,583.13,374.31,450.81,423.2,395.81,373.29,406.51,0,304.036,303.487
2022-08-01,373.283,307.332,334652,58.2,22128.337532608693,1520,3.6,5.2225,300.998,79323.12328767123,2.33,295.162,1542,60.1,3.1,4786932.37,5.932608695652174,312.52,368.81,334.58,569.6,372.48,446.42,420.47,392.06,370.42,403.7,0,303.111,302.715
2022-09-01,376.569,292.178,334912,58.6,22189.89106521739,1470,3.5,6.112,299.023,79583.86301369863,2.56,296.421,1613,60.1,3.1,4813745.3,5.8652173913043475,313.75,369.41,335.26,567.48,367.32,444.64,420.62,391.71,369.13,403.14,0,300.998,301.044
2022-10-01,379.436,282.917,335155,59.9,22249.459,1440,3.6,6.9,298.778,79836.19178082192,3.08,297.979,1560,60.0,3.2,4845551.89,5.8,311.07,368.92,333.38,567.53,368.17,441.42,420.41,390.31,368.5,401.75,0,299.023,299.5996666666667
2022-11-01,382.562,276.495,335386,56.7,22301.342217391306,1420,3.6,6.805,298.575,80096.93150684932,3.78,298.708,1402,59.9,3.4,4876247.9,6.002173913043478,309.84,365.8,334.99,559.41,366.92,433.87,419.64,388.39,367.54,401.88,0,298.778,298.792
2022-12-01,385.649,264.42,335604,59.8,22351.551782608694,1340,3.5,6.364,297.842,80349.2602739726,4.1,298.808,1400,60.1,3.7,4894258.48,6.197826086956522,308.49,368.86,332.53,553.29,362.93,430.72,417.72,386.3,364.47,399.97,0,298.575,298.3983333333333
2023-01-01,388.372,263.388,335807,64.9,22403.435,1361,3.5,6.364,297.768,80610.0,4.33,300.456,1443,60.2,4.2,4909770.41,6.4,343.6975,390.46000000000004,439.4175,586.645,488.7625,554.6175,473.6175,442.52750000000003,391.59000000000003,409.91999999999996,0,297.842,298.06166666666667
